{
  "Create new Customer" : {
    "transaction" : "Create new Customer",
    "sampleCount" : 50,
    "errorCount" : 0,
    "errorPct" : 0.0,
    "meanResTime" : 3116.22,
    "medianResTime" : 324.5,
    "minResTime" : 288.0,
    "maxResTime" : 24337.0,
    "pct1ResTime" : 9323.4,
    "pct2ResTime" : 12340.6,
    "pct3ResTime" : 24337.0,
    "throughput" : 0.961372070218616,
    "receivedKBytesPerSec" : 0.3922285385702475,
    "sentKBytesPerSec" : 0.5330545254186775
  },
  "getinto_Api" : {
    "transaction" : "getinto_Api",
    "sampleCount" : 50,
    "errorCount" : 0,
    "errorPct" : 0.0,
    "meanResTime" : 3372.52,
    "medianResTime" : 320.5,
    "minResTime" : 283.0,
    "maxResTime" : 29331.0,
    "pct1ResTime" : 12021.599999999995,
    "pct2ResTime" : 24338.75,
    "pct3ResTime" : 29331.0,
    "throughput" : 0.9448402275175268,
    "receivedKBytesPerSec" : 0.3284796103478902,
    "sentKBytesPerSec" : 0.34785621657627697
  },
  "Total" : {
    "transaction" : "Total",
    "sampleCount" : 200,
    "errorCount" : 1,
    "errorPct" : 0.5,
    "meanResTime" : 4325.27,
    "medianResTime" : 1189.0,
    "minResTime" : 283.0,
    "maxResTime" : 46242.0,
    "pct1ResTime" : 12335.6,
    "pct2ResTime" : 24326.949999999997,
    "pct3ResTime" : 33272.110000000015,
    "throughput" : 3.561316975017361,
    "receivedKBytesPerSec" : 6.230791842135722,
    "sentKBytesPerSec" : 1.396164934605317
  },
  "Customer_list" : {
    "transaction" : "Customer_list",
    "sampleCount" : 50,
    "errorCount" : 1,
    "errorPct" : 2.0,
    "meanResTime" : 4096.4400000000005,
    "medianResTime" : 646.5,
    "minResTime" : 580.0,
    "maxResTime" : 24666.0,
    "pct1ResTime" : 12313.899999999996,
    "pct2ResTime" : 17078.899999999994,
    "pct3ResTime" : 24666.0,
    "throughput" : 0.9402030838661151,
    "receivedKBytesPerSec" : 5.471798314685972,
    "sentKBytesPerSec" : 0.3433944857089131
  },
  "Login Api" : {
    "transaction" : "Login Api",
    "sampleCount" : 50,
    "errorCount" : 0,
    "errorPct" : 0.0,
    "meanResTime" : 6715.900000000001,
    "medianResTime" : 1320.0,
    "minResTime" : 1151.0,
    "maxResTime" : 46242.0,
    "pct1ResTime" : 25098.6,
    "pct2ResTime" : 32252.049999999992,
    "pct3ResTime" : 46242.0,
    "throughput" : 0.99312755730346,
    "receivedKBytesPerSec" : 0.4199455393675764,
    "sentKBytesPerSec" : 0.278347274361419
  }
}